"","statins","LE","LE_disc","QALE","QALE_disc","cost","cost_disc","mild_adverse","major_adverse","fatal_major_adverse","fatal_ASCVD","death","ttdeath","BGdeath","ttBGdeath","ASCVD","ttASCVD","ASCVDdeath","ttASCVDdeath"
"1",1,0.026303342746866,0.0217038606398035,0.00899479199520847,0.00577702413503722,561.119266192167,456.787781363455,0.000072,0.00006,0,-0.002912,-0.004687,0.026303342746866,-0.004812,-0.0278005023573708,-0.018526,-0.0879631229674345,0.000125,0.00723384510424334
"2",1,0.0395951574862838,0.0327108439130495,0.0252025214915967,0.0191602801379673,675.62891748239,547.593906003429,0.000069,0.000048,0,-0.003797,-0.006702,0.0395951574862838,-0.007271,-0.0395169895057068,-0.020749,-0.0988635265988415,0.000569,0.0120921469919689
"3",-1,-0.0186560847948396,-0.015316901456357,0.0076698264472661,0.0080318695599324,-865.794348602183,-730.653486373863,-0.00008,-0.000072,0,0.002002,0.00337100000000001,-0.0186560847948396,0.004029,0.0235772735328573,0.009901,0.0476224854274803,-0.000658000000000001,-0.00852335832757232
"4",-1,-0.0447698136501593,-0.0370382945122678,-0.0223417605218827,-0.0168661529840568,-1217.04423590098,-1022.2084614629,-0.000085,-0.00008,0,0.002751,0.00655699999999998,-0.0447698136501593,0.00950999999999996,0.0463537735454755,0.010063,0.0464638295381216,-0.002953,-0.0255535871957044
