"","statins","LE","LE_disc","QALE","QALE_disc","cost","cost_disc","mild_adverse","major_adverse","fatal_major_adverse","fatal_ASCVD","death","ttdeath","BGdeath","ttBGdeath","ASCVD","ttASCVD","ASCVDdeath","ttASCVDdeath"
"1",0.403958,9.36457659805848,8.12089251244535,9.29288713865378,8.06094181804877,88718.6065816509,77042.9222996356,0.00002527841,0.000021043456,0.000000230212,0.017492046908,0.142059611124,9.36457659805848,0.117834512702,0.657893494305606,0.072840398034,0.338462656833479,0.02422486821,0.127279214992888
"2",0.405518,9.36579160381558,8.12190216832081,9.29483776867349,8.06255314950687,88704.0637651602,77029.1837069574,0.000024685154,0.000019697712,0.000000230212,0.017380910168,0.141862848446,9.36579160381558,0.117653761452,0.656987718351629,0.072107384442,0.335004832319504,0.024208856782,0.127432369923968
